{"0": {"parents": [], "score": 0, "origin": [[0, 0, 0]]}, "1": {"parents": [], "score": 3, "origin": [[0, 0, 0]]}, "2": {"parents": [], "score": 5, "origin": [[0, 0, 0]]}, "3": {"parents": [], "score": 4, "origin": [[0, 0, 0]]}, "4": {"parents": [], "score": -2, "origin": [[0, 0, 0]]}, "5": {"parents": [], "score": 1, "origin": [[0, 0, 0]]}, "6": {"parents": [], "score": 0, "origin": [[0, 0, 0]]}, "7": {"parents": [], "score": 6, "origin": [[0, 0, 0]]}, "8": {"parents": [], "score": -4, "origin": [[0, 0, 0]]}, "9": {"parents": [], "score": 2, "origin": [[0, 0, 0]]}, "10": {"parents": [], "score": -6, "origin": [[0, 0, 0]]}, "11": {"parents": [], "score": 5, "origin": [[0, 0, 0]]}, "12": {"parents": [], "score": 4, "origin": [[0, 0, 0]]}, "13": {"parents": [], "score": 6, "origin": [[0, 0, 0]]}, "14": {"parents": [], "score": 6, "origin": [[0, 0, 0]]}, "15": {"parents": [1, 5], "score": -5, "origin": [[1, 1, 0]]}, "16": {"parents": [5, 1], "score": 2, "origin": [[1, 1, 0]]}, "17": {"parents": [1], "score": 0, "origin": [[0, 1, 0]]}, "18": {"parents": [5], "score": 2, "origin": [[0, 1, 0]]}, "19": {"parents": [5, 10], "score": 5, "origin": [[1, 1, 0]]}, "20": {"parents": [10, 5], "score": 4, "origin": [[1, 1, 0]]}, "21": {"parents": [5], "score": 5, "origin": [[0, 1, 0]]}, "22": {"parents": [10], "score": 1, "origin": [[0, 1, 0]]}, "23": {"parents": [12], "score": -2, "origin": [[0, 1, 0]]}, "24": {"parents": [2], "score": -1, "origin": [[0, 1, 0]]}, "25": {"parents": [22, 12], "score": -4, "origin": [[1, 1, 0]]}, "26": {"parents": [12, 22], "score": 2, "origin": [[1, 1, 0]]}, "27": {"parents": [22], "score": 3, "origin": [[0, 1, 0]]}, "28": {"parents": [12], "score": 5, "origin": [[0, 1, 0]]}, "29": {"parents": [12, 15], "score": 1, "origin": [[1, 1, 0]]}, "30": {"parents": [15, 12], "score": 1, "origin": [[1, 1, 0]]}, "31": {"parents": [12], "score": -3, "origin": [[0, 1, 0]]}, "32": {"parents": [15], "score": 2, "origin": [[0, 1, 0]]}, "33": {"parents": [1], "score": 0, "origin": [[0, 1, 0]]}, "34": {"parents": [17], "score": 2, "origin": [[0, 1, 0]]}, "35": {"parents": [17, 32], "score": 1, "origin": [[1, 1, 0]]}, "36": {"parents": [32, 17], "score": 3, "origin": [[1, 1, 0]]}, "37": {"parents": [17], "score": 1, "origin": [[0, 1, 0]]}, "38": {"parents": [32], "score": -1, "origin": [[0, 1, 0]]}, "39": {"parents": [32, 25], "score": 1, "origin": [[1, 1, 0]]}, "40": {"parents": [25, 32], "score": 4, "origin": [[1, 1, 0]]}, "41": {"parents": [32], "score": 0, "origin": [[0, 1, 0]]}, "42": {"parents": [25], "score": 3, "origin": [[0, 1, 0]]}, "43": {"parents": [30], "score": 4, "origin": [[0, 1, 0]]}, "44": {"parents": [1], "score": 2, "origin": [[0, 1, 0]]}, "45": {"parents": [37, 43], "score": 3, "origin": [[1, 1, 0]]}, "46": {"parents": [43, 37], "score": 3, "origin": [[1, 1, 0]]}, "47": {"parents": [37], "score": 1, "origin": [[0, 1, 0]]}, "48": {"parents": [43], "score": 2, "origin": [[0, 1, 0]]}, "49": {"parents": [43, 38], "score": 2, "origin": [[1, 1, 0]]}, "50": {"parents": [38, 43], "score": 3, "origin": [[1, 1, 0]]}, "51": {"parents": [43], "score": 1, "origin": [[0, 1, 0]]}, "52": {"parents": [38], "score": -2, "origin": [[0, 1, 0]]}, "53": {"parents": [40], "score": 0, "origin": [[0, 1, 0]]}, "54": {"parents": [30], "score": 5, "origin": [[0, 1, 0]]}, "55": {"parents": [52, 49], "score": -1, "origin": [[1, 1, 0]]}, "56": {"parents": [49, 52], "score": 2, "origin": [[1, 1, 0]]}, "57": {"parents": [52], "score": 0, "origin": [[0, 1, 0]]}, "58": {"parents": [49], "score": 4, "origin": [[0, 1, 0]]}, "59": {"parents": [49, 48], "score": 3, "origin": [[1, 1, 0]]}, "60": {"parents": [48, 49], "score": 2, "origin": [[1, 1, 0]]}, "61": {"parents": [49], "score": 3, "origin": [[0, 1, 0]]}, "62": {"parents": [48], "score": -1, "origin": [[0, 1, 0]]}, "63": {"parents": [43], "score": 1, "origin": [[0, 1, 0]]}, "64": {"parents": [54], "score": -2, "origin": [[0, 1, 0]]}, "65": {"parents": [54, 49], "score": 4, "origin": [[1, 1, 0]]}, "66": {"parents": [49, 54], "score": 0, "origin": [[1, 1, 0]]}, "67": {"parents": [54], "score": -1, "origin": [[0, 1, 0]]}, "68": {"parents": [49], "score": 4, "origin": [[0, 1, 0]]}, "69": {"parents": [49, 55], "score": 3, "origin": [[1, 1, 0]]}, "70": {"parents": [55, 49], "score": 2, "origin": [[1, 1, 0]]}, "71": {"parents": [49], "score": 2, "origin": [[0, 1, 0]]}, "72": {"parents": [55], "score": 3, "origin": [[0, 1, 0]]}, "73": {"parents": [52], "score": 1, "origin": [[0, 1, 0]]}, "74": {"parents": [60], "score": 1, "origin": [[0, 1, 0]]}, "75": {"parents": [52, 70], "score": -8, "origin": [[1, 1, 0]]}, "76": {"parents": [70, 52], "score": 4, "origin": [[1, 1, 0]]}, "77": {"parents": [52], "score": -1, "origin": [[0, 1, 0]]}, "78": {"parents": [70], "score": 3, "origin": [[0, 1, 0]]}, "79": {"parents": [70, 69], "score": 7, "origin": [[1, 1, 0]]}, "80": {"parents": [69, 70], "score": 0, "origin": [[1, 1, 0]]}, "81": {"parents": [70], "score": 5, "origin": [[0, 1, 0]]}, "82": {"parents": [69], "score": 1, "origin": [[0, 1, 0]]}, "83": {"parents": [54], "score": 6, "origin": [[0, 1, 0]]}, "84": {"parents": [49], "score": -3, "origin": [[0, 1, 0]]}, "85": {"parents": [75, 81], "score": 6, "origin": [[1, 1, 0]]}, "86": {"parents": [81, 75], "score": 6, "origin": [[1, 1, 0]]}, "87": {"parents": [75], "score": 6, "origin": [[0, 1, 0]]}, "88": {"parents": [81], "score": 1, "origin": [[0, 1, 0]]}, "89": {"parents": [81, 69], "score": 3, "origin": [[1, 1, 0]]}, "90": {"parents": [69, 81], "score": -2, "origin": [[1, 1, 0]]}, "91": {"parents": [81], "score": 0, "origin": [[0, 1, 0]]}, "92": {"parents": [69], "score": 1, "origin": [[0, 1, 0]]}, "93": {"parents": [78], "score": 4, "origin": [[0, 1, 0]]}, "94": {"parents": [70], "score": -2, "origin": [[0, 1, 0]]}, "95": {"parents": [94, 88], "score": 5, "origin": [[1, 1, 0]]}, "96": {"parents": [88, 94], "score": 5, "origin": [[1, 1, 0]]}, "97": {"parents": [94], "score": -4, "origin": [[0, 1, 0]]}, "98": {"parents": [88], "score": 3, "origin": [[0, 1, 0]]}, "99": {"parents": [88, 93], "score": 3, "origin": [[1, 1, 0]]}, "100": {"parents": [93, 88], "score": 2, "origin": [[1, 1, 0]]}, "101": {"parents": [88], "score": 2, "origin": [[0, 1, 0]]}, "102": {"parents": [93], "score": -8, "origin": [[0, 1, 0]]}, "103": {"parents": [81], "score": 4, "origin": [[0, 1, 0]]}, "104": {"parents": [69], "score": 5, "origin": [[0, 1, 0]]}, "105": {"parents": [102, 81], "score": 1, "origin": [[1, 1, 0]]}, "106": {"parents": [81, 102], "score": 2, "origin": [[1, 1, 0]]}, "107": {"parents": [102], "score": -1, "origin": [[0, 1, 0]]}, "108": {"parents": [81], "score": -2, "origin": [[0, 1, 0]]}, "109": {"parents": [81, 95], "score": 6, "origin": [[1, 1, 0]]}, "110": {"parents": [95, 81], "score": 0, "origin": [[1, 1, 0]]}, "111": {"parents": [81], "score": 1, "origin": [[0, 1, 0]]}, "112": {"parents": [95], "score": -3, "origin": [[0, 1, 0]]}, "113": {"parents": [96], "score": 4, "origin": [[0, 1, 0]]}, "114": {"parents": [103], "score": 3, "origin": [[0, 1, 0]]}, "115": {"parents": [108, 114], "score": 1, "origin": [[1, 1, 0]]}, "116": {"parents": [114, 108], "score": 0, "origin": [[1, 1, 0]]}, "117": {"parents": [108], "score": 3, "origin": [[0, 1, 0]]}, "118": {"parents": [114], "score": 2, "origin": [[0, 1, 0]]}, "119": {"parents": [114, 81], "score": 3, "origin": [[1, 1, 0]]}, "120": {"parents": [81, 114], "score": -2, "origin": [[1, 1, 0]]}, "121": {"parents": [114], "score": 2, "origin": [[0, 1, 0]]}, "122": {"parents": [81], "score": 3, "origin": [[0, 1, 0]]}, "123": {"parents": [111], "score": 1, "origin": [[0, 1, 0]]}, "124": {"parents": [105], "score": 6, "origin": [[0, 1, 0]]}, "125": {"parents": [111, 108], "score": -1, "origin": [[1, 1, 0]]}, "126": {"parents": [108, 111], "score": 1, "origin": [[1, 1, 0]]}, "127": {"parents": [111], "score": 2, "origin": [[0, 1, 0]]}, "128": {"parents": [108], "score": -1, "origin": [[0, 1, 0]]}, "129": {"parents": [108, 118], "score": 2, "origin": [[1, 1, 0]]}, "130": {"parents": [118, 108], "score": 2, "origin": [[1, 1, 0]]}, "131": {"parents": [108], "score": 4, "origin": [[0, 1, 0]]}, "132": {"parents": [118], "score": -2, "origin": [[0, 1, 0]]}, "133": {"parents": [114], "score": 2, "origin": [[0, 1, 0]]}, "134": {"parents": [117], "score": 3, "origin": [[0, 1, 0]]}, "135": {"parents": [128, 134], "score": 2, "origin": [[1, 1, 0]]}, "136": {"parents": [134, 128], "score": 1, "origin": [[1, 1, 0]]}, "137": {"parents": [128], "score": 1, "origin": [[0, 1, 0]]}, "138": {"parents": [134], "score": 1, "origin": [[0, 1, 0]]}, "139": {"parents": [134, 111], "score": 2, "origin": [[1, 1, 0]]}, "140": {"parents": [111, 134], "score": 2, "origin": [[1, 1, 0]]}, "141": {"parents": [134], "score": 4, "origin": [[0, 1, 0]]}, "142": {"parents": [111], "score": -1, "origin": [[0, 1, 0]]}, "143": {"parents": [117], "score": 4, "origin": [[0, 1, 0]]}, "144": {"parents": [133], "score": -2, "origin": [[0, 1, 0]]}, "145": {"parents": [128, 138], "score": 5, "origin": [[1, 1, 0]]}, "146": {"parents": [138, 128], "score": 5, "origin": [[1, 1, 0]]}, "147": {"parents": [128], "score": 4, "origin": [[0, 1, 0]]}, "148": {"parents": [138], "score": 2, "origin": [[0, 1, 0]]}, "149": {"parents": [138, 137], "score": 3, "origin": [[1, 1, 0]]}, "150": {"parents": [137, 138], "score": 7, "origin": [[1, 1, 0]]}, "151": {"parents": [138], "score": 3, "origin": [[0, 1, 0]]}, "152": {"parents": [137], "score": 2, "origin": [[0, 1, 0]]}, "153": {"parents": [140], "score": 3, "origin": [[0, 1, 0]]}, "154": {"parents": [142], "score": 4, "origin": [[0, 1, 0]]}, "155": {"parents": [148, 128], "score": 3, "origin": [[1, 1, 0]]}, "156": {"parents": [128, 148], "score": -3, "origin": [[1, 1, 0]]}, "157": {"parents": [148], "score": -2, "origin": [[0, 1, 0]]}, "158": {"parents": [128], "score": 1, "origin": [[0, 1, 0]]}, "159": {"parents": [128, 140], "score": 4, "origin": [[1, 1, 0]]}, "160": {"parents": [140, 128], "score": 0, "origin": [[1, 1, 0]]}, "161": {"parents": [128], "score": 2, "origin": [[0, 1, 0]]}, "162": {"parents": [140], "score": 3, "origin": [[0, 1, 0]]}, "163": {"parents": [150], "score": -1, "origin": [[0, 1, 0]]}, "164": {"parents": [145], "score": 5, "origin": [[0, 1, 0]]}, "165": {"parents": [160, 128], "score": 4, "origin": [[1, 1, 0]]}, "166": {"parents": [128, 160], "score": 3, "origin": [[1, 1, 0]]}, "167": {"parents": [160], "score": 6, "origin": [[0, 1, 0]]}, "168": {"parents": [128], "score": 3, "origin": [[0, 1, 0]]}, "169": {"parents": [128, 156], "score": 0, "origin": [[1, 1, 0]]}, "170": {"parents": [156, 128], "score": 4, "origin": [[1, 1, 0]]}, "171": {"parents": [128], "score": -1, "origin": [[0, 1, 0]]}, "172": {"parents": [156], "score": -2, "origin": [[0, 1, 0]]}, "173": {"parents": [162], "score": -2, "origin": [[0, 1, 0]]}, "174": {"parents": [150], "score": 1, "origin": [[0, 1, 0]]}, "175": {"parents": [162, 167], "score": 2, "origin": [[1, 1, 0]]}, "176": {"parents": [167, 162], "score": 6, "origin": [[1, 1, 0]]}, "177": {"parents": [162], "score": -1, "origin": [[0, 1, 0]]}, "178": {"parents": [167], "score": 4, "origin": [[0, 1, 0]]}, "179": {"parents": [167, 168], "score": 6, "origin": [[1, 1, 0]]}, "180": {"parents": [168, 167], "score": 5, "origin": [[1, 1, 0]]}, "181": {"parents": [167], "score": 0, "origin": [[0, 1, 0]]}, "182": {"parents": [168], "score": 4, "origin": [[0, 1, 0]]}, "183": {"parents": [171], "score": 0, "origin": [[0, 1, 0]]}, "184": {"parents": [174], "score": 0, "origin": [[0, 1, 0]]}, "185": {"parents": [174, 176], "score": 5, "origin": [[1, 1, 0]]}, "186": {"parents": [176, 174], "score": -3, "origin": [[1, 1, 0]]}, "187": {"parents": [174], "score": -4, "origin": [[0, 1, 0]]}, "188": {"parents": [176], "score": -3, "origin": [[0, 1, 0]]}, "189": {"parents": [176, 179], "score": 3, "origin": [[1, 1, 0]]}, "190": {"parents": [179, 176], "score": 4, "origin": [[1, 1, 0]]}, "191": {"parents": [176], "score": 5, "origin": [[0, 1, 0]]}, "192": {"parents": [179], "score": 4, "origin": [[0, 1, 0]]}, "193": {"parents": [175], "score": -2, "origin": [[0, 1, 0]]}, "194": {"parents": [184], "score": 5, "origin": [[0, 1, 0]]}, "195": {"parents": [186, 174], "score": 3, "origin": [[1, 1, 0]]}, "196": {"parents": [174, 186], "score": 2, "origin": [[1, 1, 0]]}, "197": {"parents": [186], "score": 3, "origin": [[0, 1, 0]]}, "198": {"parents": [174], "score": -3, "origin": [[0, 1, 0]]}, "199": {"parents": [174, 192], "score": -2, "origin": [[1, 1, 0]]}, "200": {"parents": [192, 174], "score": -2, "origin": [[1, 1, 0]]}, "201": {"parents": [174], "score": 4, "origin": [[0, 1, 0]]}, "202": {"parents": [192], "score": 3, "origin": [[0, 1, 0]]}, "203": {"parents": [189], "score": -3, "origin": [[0, 1, 0]]}, "204": {"parents": [193], "score": 5, "origin": [[0, 1, 0]]}, "205": {"parents": [195, 203], "score": 2, "origin": [[1, 1, 0]]}, "206": {"parents": [203, 195], "score": 1, "origin": [[1, 1, 0]]}, "207": {"parents": [195], "score": 4, "origin": [[0, 1, 0]]}, "208": {"parents": [203], "score": 3, "origin": [[0, 1, 0]]}, "209": {"parents": [203, 186], "score": 4, "origin": [[1, 1, 0]]}, "210": {"parents": [186, 203], "score": 3, "origin": [[1, 1, 0]]}, "211": {"parents": [203], "score": 4, "origin": [[0, 1, 0]]}, "212": {"parents": [186], "score": -4, "origin": [[0, 1, 0]]}, "213": {"parents": [199], "score": -1, "origin": [[0, 1, 0]]}, "214": {"parents": [202], "score": -3, "origin": [[0, 1, 0]]}, "215": {"parents": [206, 212], "score": -1, "origin": [[1, 1, 0]]}, "216": {"parents": [212, 206], "score": 1, "origin": [[1, 1, 0]]}, "217": {"parents": [206], "score": -3, "origin": [[0, 1, 0]]}, "218": {"parents": [212], "score": 0, "origin": [[0, 1, 0]]}, "219": {"parents": [212, 205], "score": 4, "origin": [[1, 1, 0]]}, "220": {"parents": [205, 212], "score": 6, "origin": [[1, 1, 0]]}, "221": {"parents": [212], "score": 5, "origin": [[0, 1, 0]]}, "222": {"parents": [205], "score": 3, "origin": [[0, 1, 0]]}, "223": {"parents": [213], "score": 5, "origin": [[0, 1, 0]]}, "224": {"parents": [214], "score": 5, "origin": [[0, 1, 0]]}, "225": {"parents": [219, 206], "score": 0, "origin": [[1, 1, 0]]}, "226": {"parents": [206, 219], "score": 0, "origin": [[1, 1, 0]]}, "227": {"parents": [219], "score": 5, "origin": [[0, 1, 0]]}, "228": {"parents": [206], "score": 1, "origin": [[0, 1, 0]]}, "229": {"parents": [206, 205], "score": 2, "origin": [[1, 1, 0]]}, "230": {"parents": [205, 206], "score": 2, "origin": [[1, 1, 0]]}, "231": {"parents": [206], "score": -3, "origin": [[0, 1, 0]]}, "232": {"parents": [205], "score": 5, "origin": [[0, 1, 0]]}, "233": {"parents": [213], "score": 5, "origin": [[0, 1, 0]]}, "234": {"parents": [218], "score": 3, "origin": [[0, 1, 0]]}, "235": {"parents": [206, 213], "score": 2, "origin": [[1, 1, 0]]}, "236": {"parents": [213, 206], "score": 4, "origin": [[1, 1, 0]]}, "237": {"parents": [206], "score": 3, "origin": [[0, 1, 0]]}, "238": {"parents": [213], "score": 2, "origin": [[0, 1, 0]]}, "239": {"parents": [213, 234], "score": -1, "origin": [[1, 1, 0]]}, "240": {"parents": [234, 213], "score": 3, "origin": [[1, 1, 0]]}, "241": {"parents": [213], "score": 1, "origin": [[0, 1, 0]]}, "242": {"parents": [234], "score": -1, "origin": [[0, 1, 0]]}, "243": {"parents": [205], "score": 6, "origin": [[0, 1, 0]]}, "244": {"parents": [219], "score": -1, "origin": [[0, 1, 0]]}, "245": {"parents": [234, 205], "score": -2, "origin": [[1, 1, 0]]}, "246": {"parents": [205, 234], "score": -1, "origin": [[1, 1, 0]]}, "247": {"parents": [234], "score": 4, "origin": [[0, 1, 0]]}, "248": {"parents": [205], "score": 1, "origin": [[0, 1, 0]]}, "249": {"parents": [205, 244], "score": 4, "origin": [[1, 1, 0]]}, "250": {"parents": [244, 205], "score": -1, "origin": [[1, 1, 0]]}, "251": {"parents": [205], "score": -4, "origin": [[0, 1, 0]]}, "252": {"parents": [244], "score": -1, "origin": [[0, 1, 0]]}, "253": {"parents": [219], "score": 1, "origin": [[0, 1, 0]]}, "254": {"parents": [235], "score": 4, "origin": [[0, 1, 0]]}, "255": {"parents": [253, 205], "score": -4, "origin": [[1, 1, 0]]}, "256": {"parents": [205, 253], "score": 8, "origin": [[1, 1, 0]]}, "257": {"parents": [253], "score": 3, "origin": [[0, 1, 0]]}, "258": {"parents": [205], "score": 1, "origin": [[0, 1, 0]]}, "259": {"parents": [205, 249], "score": 0, "origin": [[1, 1, 0]]}, "260": {"parents": [249, 205], "score": 5, "origin": [[1, 1, 0]]}, "261": {"parents": [205], "score": 4, "origin": [[0, 1, 0]]}, "262": {"parents": [249], "score": -1, "origin": [[0, 1, 0]]}, "263": {"parents": [244], "score": 2, "origin": [[0, 1, 0]]}, "264": {"parents": [245], "score": 4, "origin": [[0, 1, 0]]}, "265": {"parents": [263, 255], "score": -2, "origin": [[1, 1, 0]]}, "266": {"parents": [255, 263], "score": 4, "origin": [[1, 1, 0]]}, "267": {"parents": [263], "score": 2, "origin": [[0, 1, 0]]}, "268": {"parents": [255], "score": 2, "origin": [[0, 1, 0]]}, "269": {"parents": [255, 245], "score": 1, "origin": [[1, 1, 0]]}, "270": {"parents": [245, 255], "score": 4, "origin": [[1, 1, 0]]}, "271": {"parents": [255], "score": 3, "origin": [[0, 1, 0]]}, "272": {"parents": [245], "score": -2, "origin": [[0, 1, 0]]}, "273": {"parents": [262], "score": -4, "origin": [[0, 1, 0]]}, "274": {"parents": [256], "score": -1, "origin": [[0, 1, 0]]}, "275": {"parents": [270, 263], "score": 4, "origin": [[1, 1, 0]]}, "276": {"parents": [263, 270], "score": 5, "origin": [[1, 1, 0]]}, "277": {"parents": [270], "score": 1, "origin": [[0, 1, 0]]}, "278": {"parents": [263], "score": 0, "origin": [[0, 1, 0]]}, "279": {"parents": [263, 266], "score": 4, "origin": [[1, 1, 0]]}, "280": {"parents": [266, 263], "score": 0, "origin": [[1, 1, 0]]}, "281": {"parents": [263], "score": 5, "origin": [[0, 1, 0]]}, "282": {"parents": [266], "score": 0, "origin": [[0, 1, 0]]}, "283": {"parents": [255], "score": -7, "origin": [[0, 1, 0]]}, "284": {"parents": [245], "score": 3, "origin": [[0, 1, 0]]}, "285": {"parents": [280, 279], "score": 2, "origin": [[1, 1, 0]]}, "286": {"parents": [279, 280], "score": 3, "origin": [[1, 1, 0]]}, "287": {"parents": [280], "score": 2, "origin": [[0, 1, 0]]}, "288": {"parents": [279], "score": -3, "origin": [[0, 1, 0]]}, "289": {"parents": [279, 245], "score": 6, "origin": [[1, 1, 0]]}, "290": {"parents": [245, 279], "score": 1, "origin": [[1, 1, 0]]}, "291": {"parents": [279], "score": 1, "origin": [[0, 1, 0]]}, "292": {"parents": [245], "score": -4, "origin": [[0, 1, 0]]}, "293": {"parents": [284], "score": 3, "origin": [[0, 1, 0]]}, "294": {"parents": [255], "score": 3, "origin": [[0, 1, 0]]}, "295": {"parents": [290, 284], "score": 1, "origin": [[1, 1, 0]]}, "296": {"parents": [284, 290], "score": 4, "origin": [[1, 1, 0]]}, "297": {"parents": [290], "score": -3, "origin": [[0, 1, 0]]}, "298": {"parents": [284], "score": 0, "origin": [[0, 1, 0]]}, "299": {"parents": [284, 288], "score": 1, "origin": [[1, 1, 0]]}, "300": {"parents": [288, 284], "score": 1, "origin": [[1, 1, 0]]}, "301": {"parents": [284], "score": 1, "origin": [[0, 1, 0]]}, "302": {"parents": [288], "score": 3, "origin": [[0, 1, 0]]}, "303": {"parents": [293], "score": 3, "origin": [[0, 1, 0]]}, "304": {"parents": [279], "score": 5, "origin": [[0, 1, 0]]}, "305": {"parents": [295, 302], "score": 3, "origin": [[1, 1, 0]]}, "306": {"parents": [302, 295], "score": 1, "origin": [[1, 1, 0]]}, "307": {"parents": [295], "score": 0, "origin": [[0, 1, 0]]}, "308": {"parents": [302], "score": -1, "origin": [[0, 1, 0]]}, "309": {"parents": [302, 299], "score": 1, "origin": [[1, 1, 0]]}, "310": {"parents": [299, 302], "score": 3, "origin": [[1, 1, 0]]}, "311": {"parents": [302], "score": -4, "origin": [[0, 1, 0]]}, "312": {"parents": [299], "score": 5, "origin": [[0, 1, 0]]}, "313": {"parents": [290], "score": 0, "origin": [[0, 1, 0]]}, "314": {"parents": [288], "score": 4, "origin": [[0, 1, 0]]}, "315": {"parents": [306, 290], "score": 4, "origin": [[1, 1, 0]]}, "316": {"parents": [290, 306], "score": -5, "origin": [[1, 1, 0]]}, "317": {"parents": [306], "score": 3, "origin": [[0, 1, 0]]}, "318": {"parents": [290], "score": 4, "origin": [[0, 1, 0]]}, "319": {"parents": [290, 313], "score": -2, "origin": [[1, 1, 0]]}, "320": {"parents": [313, 290], "score": 2, "origin": [[1, 1, 0]]}, "321": {"parents": [290], "score": 0, "origin": [[0, 1, 0]]}, "322": {"parents": [313], "score": 3, "origin": [[0, 1, 0]]}, "323": {"parents": [305], "score": 1, "origin": [[0, 1, 0]]}, "324": {"parents": [309], "score": 4, "origin": [[0, 1, 0]]}, "325": {"parents": [316, 305], "score": -2, "origin": [[1, 1, 0]]}, "326": {"parents": [305, 316], "score": -2, "origin": [[1, 1, 0]]}, "327": {"parents": [316], "score": 0, "origin": [[0, 1, 0]]}, "328": {"parents": [305], "score": 6, "origin": [[0, 1, 0]]}, "329": {"parents": [305, 319], "score": -1, "origin": [[1, 1, 0]]}, "330": {"parents": [319, 305], "score": 6, "origin": [[1, 1, 0]]}, "331": {"parents": [305], "score": -1, "origin": [[0, 1, 0]]}, "332": {"parents": [319], "score": 6, "origin": [[0, 1, 0]]}, "333": {"parents": [320], "score": 1, "origin": [[0, 1, 0]]}, "334": {"parents": [290], "score": 3, "origin": [[0, 1, 0]]}, "335": {"parents": [333, 326], "score": 5, "origin": [[1, 1, 0]]}, "336": {"parents": [326, 333], "score": 1, "origin": [[1, 1, 0]]}, "337": {"parents": [333], "score": 6, "origin": [[0, 1, 0]]}, "338": {"parents": [326], "score": 2, "origin": [[0, 1, 0]]}, "339": {"parents": [326, 327], "score": -4, "origin": [[1, 1, 0]]}, "340": {"parents": [327, 326], "score": -1, "origin": [[1, 1, 0]]}, "341": {"parents": [326], "score": 6, "origin": [[0, 1, 0]]}, "342": {"parents": [327], "score": 3, "origin": [[0, 1, 0]]}, "343": {"parents": [331], "score": 4, "origin": [[0, 1, 0]]}, "344": {"parents": [290], "score": 1, "origin": [[0, 1, 0]]}, "345": {"parents": [336, 344], "score": 3, "origin": [[1, 1, 0]]}, "346": {"parents": [344, 336], "score": 1, "origin": [[1, 1, 0]]}, "347": {"parents": [336], "score": 5, "origin": [[0, 1, 0]]}, "348": {"parents": [344], "score": -5, "origin": [[0, 1, 0]]}, "349": {"parents": [344, 333], "score": 1, "origin": [[1, 1, 0]]}, "350": {"parents": [333, 344], "score": 0, "origin": [[1, 1, 0]]}, "351": {"parents": [344], "score": 4, "origin": [[0, 1, 0]]}, "352": {"parents": [333], "score": 0, "origin": [[0, 1, 0]]}, "353": {"parents": [343], "score": 2, "origin": [[0, 1, 0]]}, "354": {"parents": [338], "score": 4, "origin": [[0, 1, 0]]}, "355": {"parents": [343, 352], "score": 3, "origin": [[1, 1, 0]]}, "356": {"parents": [352, 343], "score": 4, "origin": [[1, 1, 0]]}, "357": {"parents": [343], "score": 2, "origin": [[0, 1, 0]]}, "358": {"parents": [352], "score": 2, "origin": [[0, 1, 0]]}, "359": {"parents": [352, 346], "score": 2, "origin": [[1, 1, 0]]}, "360": {"parents": [346, 352], "score": -4, "origin": [[1, 1, 0]]}, "361": {"parents": [352], "score": 4, "origin": [[0, 1, 0]]}, "362": {"parents": [346], "score": 6, "origin": [[0, 1, 0]]}, "363": {"parents": [353], "score": -3, "origin": [[0, 1, 0]]}, "364": {"parents": [336], "score": 0, "origin": [[0, 1, 0]]}, "365": {"parents": [362, 346], "score": 3, "origin": [[1, 1, 0]]}, "366": {"parents": [346, 362], "score": 1, "origin": [[1, 1, 0]]}, "367": {"parents": [362], "score": 3, "origin": [[0, 1, 0]]}, "368": {"parents": [346], "score": 1, "origin": [[0, 1, 0]]}, "369": {"parents": [346, 363], "score": 4, "origin": [[1, 1, 0]]}, "370": {"parents": [363, 346], "score": 2, "origin": [[1, 1, 0]]}, "371": {"parents": [346], "score": 0, "origin": [[0, 1, 0]]}, "372": {"parents": [363], "score": 3, "origin": [[0, 1, 0]]}, "373": {"parents": [343], "score": 4, "origin": [[0, 1, 0]]}, "374": {"parents": [352], "score": 1, "origin": [[0, 1, 0]]}, "375": {"parents": [368, 369], "score": 4, "origin": [[1, 1, 0]]}, "376": {"parents": [369, 368], "score": -1, "origin": [[1, 1, 0]]}, "377": {"parents": [368], "score": 2, "origin": [[0, 1, 0]]}, "378": {"parents": [369], "score": 1, "origin": [[0, 1, 0]]}, "379": {"parents": [369, 367], "score": 4, "origin": [[1, 1, 0]]}, "380": {"parents": [367, 369], "score": 3, "origin": [[1, 1, 0]]}, "381": {"parents": [369], "score": -4, "origin": [[0, 1, 0]]}, "382": {"parents": [367], "score": 5, "origin": [[0, 1, 0]]}, "383": {"parents": [346], "score": 3, "origin": [[0, 1, 0]]}, "384": {"parents": [352], "score": 0, "origin": [[0, 1, 0]]}, "385": {"parents": [367, 381], "score": 1, "origin": [[1, 1, 0]]}, "386": {"parents": [381, 367], "score": 7, "origin": [[1, 1, 0]]}, "387": {"parents": [367], "score": 5, "origin": [[0, 1, 0]]}, "388": {"parents": [381], "score": -2, "origin": [[0, 1, 0]]}, "389": {"parents": [381, 352], "score": 0, "origin": [[1, 1, 0]]}, "390": {"parents": [352, 381], "score": 0, "origin": [[1, 1, 0]]}, "391": {"parents": [381], "score": -3, "origin": [[0, 1, 0]]}, "392": {"parents": [352], "score": 3, "origin": [[0, 1, 0]]}, "393": {"parents": [377], "score": 1, "origin": [[0, 1, 0]]}, "394": {"parents": [384], "score": 1, "origin": [[0, 1, 0]]}, "395": {"parents": [390, 386], "score": 1, "origin": [[1, 1, 0]]}, "396": {"parents": [386, 390], "score": -3, "origin": [[1, 1, 0]]}, "397": {"parents": [390], "score": 6, "origin": [[0, 1, 0]]}, "398": {"parents": [386], "score": -3, "origin": [[0, 1, 0]]}, "399": {"parents": [386, 388], "score": -1, "origin": [[1, 1, 0]]}, "400": {"parents": [388, 386], "score": 3, "origin": [[1, 1, 0]]}, "401": {"parents": [386], "score": 1, "origin": [[0, 1, 0]]}, "402": {"parents": [388], "score": 5, "origin": [[0, 1, 0]]}, "403": {"parents": [384], "score": -3, "origin": [[0, 1, 0]]}, "404": {"parents": [394], "score": 5, "origin": [[0, 1, 0]]}, "405": {"parents": [388, 386], "score": 6, "origin": [[1, 1, 0]]}, "406": {"parents": [386, 388], "score": 6, "origin": [[1, 1, 0]]}, "407": {"parents": [388], "score": 6, "origin": [[0, 1, 0]]}, "408": {"parents": [386], "score": 0, "origin": [[0, 1, 0]]}, "409": {"parents": [386, 400], "score": 3, "origin": [[1, 1, 0]]}, "410": {"parents": [400, 386], "score": 4, "origin": [[1, 1, 0]]}, "411": {"parents": [386], "score": 5, "origin": [[0, 1, 0]]}, "412": {"parents": [400], "score": 3, "origin": [[0, 1, 0]]}, "413": {"parents": [395], "score": -3, "origin": [[0, 1, 0]]}, "414": {"parents": [384], "score": 1, "origin": [[0, 1, 0]]}, "415": {"parents": [410, 414], "score": -4, "origin": [[1, 1, 0]]}, "416": {"parents": [414, 410], "score": 1, "origin": [[1, 1, 0]]}, "417": {"parents": [410], "score": 0, "origin": [[0, 1, 0]]}, "418": {"parents": [414], "score": -1, "origin": [[0, 1, 0]]}, "419": {"parents": [414, 386], "score": 0, "origin": [[1, 1, 0]]}, "420": {"parents": [386, 414], "score": -2, "origin": [[1, 1, 0]]}, "421": {"parents": [414], "score": -1, "origin": [[0, 1, 0]]}, "422": {"parents": [386], "score": 0, "origin": [[0, 1, 0]]}, "423": {"parents": [407], "score": 3, "origin": [[0, 1, 0]]}, "424": {"parents": [388], "score": 5, "origin": [[0, 1, 0]]}, "425": {"parents": [419, 422], "score": 1, "origin": [[1, 1, 0]]}, "426": {"parents": [422, 419], "score": 4, "origin": [[1, 1, 0]]}, "427": {"parents": [419], "score": 0, "origin": [[0, 1, 0]]}, "428": {"parents": [422], "score": 4, "origin": [[0, 1, 0]]}, "429": {"parents": [422, 388], "score": 4, "origin": [[1, 1, 0]]}, "430": {"parents": [388, 422], "score": 1, "origin": [[1, 1, 0]]}, "431": {"parents": [422], "score": 5, "origin": [[0, 1, 0]]}, "432": {"parents": [388], "score": 0, "origin": [[0, 1, 0]]}, "433": {"parents": [424], "score": 5, "origin": [[0, 1, 0]]}, "434": {"parents": [414], "score": -3, "origin": [[0, 1, 0]]}, "435": {"parents": [431, 432], "score": 4, "origin": [[1, 1, 0]]}, "436": {"parents": [432, 431], "score": 2, "origin": [[1, 1, 0]]}, "437": {"parents": [431], "score": 5, "origin": [[0, 1, 0]]}, "438": {"parents": [432], "score": 0, "origin": [[0, 1, 0]]}, "439": {"parents": [432, 429], "score": 4, "origin": [[1, 1, 0]]}, "440": {"parents": [429, 432], "score": 5, "origin": [[1, 1, 0]]}, "441": {"parents": [432], "score": 0, "origin": [[0, 1, 0]]}, "442": {"parents": [429], "score": 4, "origin": [[0, 1, 0]]}, "443": {"parents": [422], "score": 1, "origin": [[0, 1, 0]]}, "444": {"parents": [388], "score": 2, "origin": [[0, 1, 0]]}, "445": {"parents": [432, 429], "score": 0, "origin": [[1, 1, 0]]}, "446": {"parents": [429, 432], "score": 3, "origin": [[1, 1, 0]]}, "447": {"parents": [432], "score": 3, "origin": [[0, 1, 0]]}, "448": {"parents": [429], "score": 1, "origin": [[0, 1, 0]]}, "449": {"parents": [429, 441], "score": 0, "origin": [[1, 1, 0]]}, "450": {"parents": [441, 429], "score": 1, "origin": [[1, 1, 0]]}, "451": {"parents": [429], "score": 3, "origin": [[0, 1, 0]]}, "452": {"parents": [441], "score": -2, "origin": [[0, 1, 0]]}, "453": {"parents": [442], "score": 2, "origin": [[0, 1, 0]]}, "454": {"parents": [431], "score": 4, "origin": [[0, 1, 0]]}, "455": {"parents": [442, 449], "score": 2, "origin": [[1, 1, 0]]}, "456": {"parents": [449, 442], "score": -2, "origin": [[1, 1, 0]]}, "457": {"parents": [442], "score": -1, "origin": [[0, 1, 0]]}, "458": {"parents": [449], "score": 5, "origin": [[0, 1, 0]]}, "459": {"parents": [449, 431], "score": -1, "origin": [[1, 1, 0]]}, "460": {"parents": [431, 449], "score": 2, "origin": [[1, 1, 0]]}, "461": {"parents": [449], "score": 2, "origin": [[0, 1, 0]]}, "462": {"parents": [431], "score": -1, "origin": [[0, 1, 0]]}, "463": {"parents": [429], "score": 3, "origin": [[0, 1, 0]]}, "464": {"parents": [453], "score": 4, "origin": [[0, 1, 0]]}, "465": {"parents": [464, 431], "score": 4, "origin": [[1, 1, 0]]}, "466": {"parents": [431, 464], "score": 3, "origin": [[1, 1, 0]]}, "467": {"parents": [464], "score": 3, "origin": [[0, 1, 0]]}, "468": {"parents": [431], "score": 3, "origin": [[0, 1, 0]]}, "469": {"parents": [431, 449], "score": 2, "origin": [[1, 1, 0]]}, "470": {"parents": [449, 431], "score": -1, "origin": [[1, 1, 0]]}, "471": {"parents": [431], "score": 5, "origin": [[0, 1, 0]]}, "472": {"parents": [449], "score": -5, "origin": [[0, 1, 0]]}, "473": {"parents": [455], "score": 5, "origin": [[0, 1, 0]]}, "474": {"parents": [442], "score": 5, "origin": [[0, 1, 0]]}, "475": {"parents": [469, 472], "score": 2, "origin": [[1, 1, 0]]}, "476": {"parents": [472, 469], "score": 0, "origin": [[1, 1, 0]]}, "477": {"parents": [469], "score": -8, "origin": [[0, 1, 0]]}, "478": {"parents": [472], "score": 5, "origin": [[0, 1, 0]]}, "479": {"parents": [472, 442], "score": -1, "origin": [[1, 1, 0]]}, "480": {"parents": [442, 472], "score": 5, "origin": [[1, 1, 0]]}, "481": {"parents": [472], "score": 1, "origin": [[0, 1, 0]]}, "482": {"parents": [442], "score": 0, "origin": [[0, 1, 0]]}, "483": {"parents": [431], "score": 5, "origin": [[0, 1, 0]]}, "484": {"parents": [467], "score": 0, "origin": [[0, 1, 0]]}, "485": {"parents": [481, 469], "score": 0, "origin": [[1, 1, 0]]}, "486": {"parents": [469, 481], "score": 1, "origin": [[1, 1, 0]]}, "487": {"parents": [481], "score": 2, "origin": [[0, 1, 0]]}, "488": {"parents": [469], "score": 4, "origin": [[0, 1, 0]]}, "489": {"parents": [469, 476], "score": 3, "origin": [[1, 1, 0]]}, "490": {"parents": [476, 469], "score": 0, "origin": [[1, 1, 0]]}, "491": {"parents": [469], "score": 4, "origin": [[0, 1, 0]]}, "492": {"parents": [476], "score": 6, "origin": [[0, 1, 0]]}, "493": {"parents": [472], "score": -2, "origin": [[0, 1, 0]]}, "494": {"parents": [479], "score": 4, "origin": [[0, 1, 0]]}, "495": {"parents": [487, 486], "score": 2, "origin": [[1, 1, 0]]}, "496": {"parents": [486, 487], "score": 4, "origin": [[1, 1, 0]]}, "497": {"parents": [487], "score": -8, "origin": [[0, 1, 0]]}, "498": {"parents": [486], "score": 2, "origin": [[0, 1, 0]]}, "499": {"parents": [486, 469], "score": -2, "origin": [[1, 1, 0]]}, "500": {"parents": [469, 486], "score": 3, "origin": [[1, 1, 0]]}, "501": {"parents": [486], "score": 4, "origin": [[0, 1, 0]]}, "502": {"parents": [469], "score": 3, "origin": [[0, 1, 0]]}, "503": {"parents": [490], "score": 3, "origin": [[0, 1, 0]]}, "504": {"parents": [485], "score": 2, "origin": [[0, 1, 0]]}, "505": {"parents": [502, 485], "score": 5, "origin": [[1, 1, 0]]}, "506": {"parents": [485, 502], "score": 3, "origin": [[1, 1, 0]]}, "507": {"parents": [502], "score": 2, "origin": [[0, 1, 0]]}, "508": {"parents": [485], "score": -4, "origin": [[0, 1, 0]]}, "509": {"parents": [485, 496], "score": 2, "origin": [[1, 1, 0]]}, "510": {"parents": [496, 485], "score": 0, "origin": [[1, 1, 0]]}, "511": {"parents": [485], "score": 5, "origin": [[0, 1, 0]]}, "512": {"parents": [496], "score": 0, "origin": [[0, 1, 0]]}, "513": {"parents": [503], "score": -6, "origin": [[0, 1, 0]]}, "514": {"parents": [504], "score": 2, "origin": [[0, 1, 0]]}, "515": {"parents": [508, 513], "score": 5, "origin": [[1, 1, 0]]}, "516": {"parents": [513, 508], "score": 5, "origin": [[1, 1, 0]]}, "517": {"parents": [508], "score": 6, "origin": [[0, 1, 0]]}, "518": {"parents": [513], "score": -1, "origin": [[0, 1, 0]]}, "519": {"parents": [513, 507], "score": 4, "origin": [[1, 1, 0]]}, "520": {"parents": [507, 513], "score": 4, "origin": [[1, 1, 0]]}, "521": {"parents": [513], "score": 4, "origin": [[0, 1, 0]]}, "522": {"parents": [507], "score": -3, "origin": [[0, 1, 0]]}, "523": {"parents": [511], "score": 7, "origin": [[0, 1, 0]]}, "524": {"parents": [504], "score": 2, "origin": [[0, 1, 0]]}, "525": {"parents": [504, 517], "score": 5, "origin": [[1, 1, 0]]}, "526": {"parents": [517, 504], "score": 2, "origin": [[1, 1, 0]]}, "527": {"parents": [504], "score": 2, "origin": [[0, 1, 0]]}, "528": {"parents": [517], "score": -1, "origin": [[0, 1, 0]]}, "529": {"parents": [517, 522], "score": 1, "origin": [[1, 1, 0]]}, "530": {"parents": [522, 517], "score": 4, "origin": [[1, 1, 0]]}, "531": {"parents": [517], "score": 0, "origin": [[0, 1, 0]]}, "532": {"parents": [522], "score": 5, "origin": [[0, 1, 0]]}, "533": {"parents": [524], "score": -6, "origin": [[0, 1, 0]]}, "534": {"parents": [523], "score": 3, "origin": [[0, 1, 0]]}, "535": {"parents": [534, 524], "score": -1, "origin": [[1, 1, 0]]}, "536": {"parents": [524, 534], "score": 3, "origin": [[1, 1, 0]]}, "537": {"parents": [534], "score": 0, "origin": [[0, 1, 0]]}, "538": {"parents": [524], "score": 3, "origin": [[0, 1, 0]]}, "539": {"parents": [524, 517], "score": 4, "origin": [[1, 1, 0]]}, "540": {"parents": [517, 524], "score": 1, "origin": [[1, 1, 0]]}, "541": {"parents": [524], "score": 5, "origin": [[0, 1, 0]]}, "542": {"parents": [517], "score": 4, "origin": [[0, 1, 0]]}, "543": {"parents": [530], "score": 2, "origin": [[0, 1, 0]]}, "544": {"parents": [528], "score": 1, "origin": [[0, 1, 0]]}, "545": {"parents": [530, 536], "score": 3, "origin": [[1, 1, 0]]}, "546": {"parents": [536, 530], "score": 4, "origin": [[1, 1, 0]]}, "547": {"parents": [530], "score": -5, "origin": [[0, 1, 0]]}, "548": {"parents": [536], "score": 2, "origin": [[0, 1, 0]]}, "549": {"parents": [536, 539], "score": 5, "origin": [[1, 1, 0]]}, "550": {"parents": [539, 536], "score": 4, "origin": [[1, 1, 0]]}, "551": {"parents": [536], "score": 2, "origin": [[0, 1, 0]]}, "552": {"parents": [539], "score": 5, "origin": [[0, 1, 0]]}, "553": {"parents": [517], "score": 4, "origin": [[0, 1, 0]]}, "554": {"parents": [541], "score": 2, "origin": [[0, 1, 0]]}, "555": {"parents": [517, 546], "score": 4, "origin": [[1, 1, 0]]}, "556": {"parents": [546, 517], "score": 4, "origin": [[1, 1, 0]]}, "557": {"parents": [517], "score": 2, "origin": [[0, 1, 0]]}, "558": {"parents": [546], "score": 5, "origin": [[0, 1, 0]]}, "559": {"parents": [546, 551], "score": -3, "origin": [[1, 1, 0]]}, "560": {"parents": [551, 546], "score": -1, "origin": [[1, 1, 0]]}, "561": {"parents": [546], "score": 5, "origin": [[0, 1, 0]]}, "562": {"parents": [551], "score": 3, "origin": [[0, 1, 0]]}, "563": {"parents": [539], "score": 4, "origin": [[0, 1, 0]]}, "564": {"parents": [536], "score": -2, "origin": [[0, 1, 0]]}, "565": {"parents": [560, 517], "score": 0, "origin": [[1, 1, 0]]}, "566": {"parents": [517, 560], "score": 4, "origin": [[1, 1, 0]]}, "567": {"parents": [560], "score": 5, "origin": [[0, 1, 0]]}, "568": {"parents": [517], "score": 2, "origin": [[0, 1, 0]]}, "569": {"parents": [517, 536], "score": 6, "origin": [[1, 1, 0]]}, "570": {"parents": [536, 517], "score": 3, "origin": [[1, 1, 0]]}, "571": {"parents": [517], "score": -2, "origin": [[0, 1, 0]]}, "572": {"parents": [536], "score": 0, "origin": [[0, 1, 0]]}, "573": {"parents": [558], "score": 5, "origin": [[0, 1, 0]]}, "574": {"parents": [546], "score": 1, "origin": [[0, 1, 0]]}, "575": {"parents": [573, 574], "score": 2, "origin": [[1, 1, 0]]}, "576": {"parents": [574, 573], "score": -7, "origin": [[1, 1, 0]]}, "577": {"parents": [573], "score": 6, "origin": [[0, 1, 0]]}, "578": {"parents": [574], "score": 5, "origin": [[0, 1, 0]]}, "579": {"parents": [574, 565], "score": 0, "origin": [[1, 1, 0]]}, "580": {"parents": [565, 574], "score": -1, "origin": [[1, 1, 0]]}, "581": {"parents": [574], "score": 3, "origin": [[0, 1, 0]]}, "582": {"parents": [565], "score": 4, "origin": [[0, 1, 0]]}, "583": {"parents": [517], "score": 4, "origin": [[0, 1, 0]]}, "584": {"parents": [546], "score": 5, "origin": [[0, 1, 0]]}, "585": {"parents": [583, 578], "score": 1, "origin": [[1, 1, 0]]}, "586": {"parents": [578, 583], "score": 5, "origin": [[1, 1, 0]]}, "587": {"parents": [583], "score": 4, "origin": [[0, 1, 0]]}, "588": {"parents": [578], "score": 2, "origin": [[0, 1, 0]]}, "589": {"parents": [578, 579], "score": 4, "origin": [[1, 1, 0]]}, "590": {"parents": [579, 578], "score": -1, "origin": [[1, 1, 0]]}, "591": {"parents": [578], "score": -3, "origin": [[0, 1, 0]]}, "592": {"parents": [579], "score": 0, "origin": [[0, 1, 0]]}, "593": {"parents": [580], "score": 8, "origin": [[0, 1, 0]]}, "594": {"parents": [573], "score": -1, "origin": [[0, 1, 0]]}, "595": {"parents": [583, 589], "score": 5, "origin": [[1, 1, 0]]}, "596": {"parents": [589, 583], "score": -2, "origin": [[1, 1, 0]]}, "597": {"parents": [583], "score": 5, "origin": [[0, 1, 0]]}, "598": {"parents": [589], "score": 6, "origin": [[0, 1, 0]]}, "599": {"parents": [589, 590], "score": -2, "origin": [[1, 1, 0]]}, "600": {"parents": [590, 589], "score": 0, "origin": [[1, 1, 0]]}, "601": {"parents": [589], "score": 3, "origin": [[0, 1, 0]]}, "602": {"parents": [590], "score": 4, "origin": [[0, 1, 0]]}, "603": {"parents": [578], "score": -1, "origin": [[0, 1, 0]]}, "604": {"parents": [573], "score": -1, "origin": [[0, 1, 0]]}, "605": {"parents": [595, 599], "score": 6, "origin": [[1, 1, 0]]}, "606": {"parents": [599, 595], "score": 1, "origin": [[1, 1, 0]]}, "607": {"parents": [595], "score": 2, "origin": [[0, 1, 0]]}, "608": {"parents": [599], "score": 0, "origin": [[0, 1, 0]]}, "609": {"parents": [599, 601], "score": 3, "origin": [[1, 1, 0]]}, "610": {"parents": [601, 599], "score": 4, "origin": [[1, 1, 0]]}, "611": {"parents": [599], "score": 6, "origin": [[0, 1, 0]]}, "612": {"parents": [601], "score": -1, "origin": [[0, 1, 0]]}, "613": {"parents": [589], "score": 5, "origin": [[0, 1, 0]]}, "614": {"parents": [597], "score": 0, "origin": [[0, 1, 0]]}, "615": {"parents": [601, 606], "score": 2, "origin": [[1, 1, 0]]}, "616": {"parents": [606, 601], "score": 1, "origin": [[1, 1, 0]]}, "617": {"parents": [601], "score": 6, "origin": [[0, 1, 0]]}, "618": {"parents": [606], "score": 3, "origin": [[0, 1, 0]]}, "619": {"parents": [606, 611], "score": -3, "origin": [[1, 1, 0]]}, "620": {"parents": [611, 606], "score": -3, "origin": [[1, 1, 0]]}, "621": {"parents": [606], "score": 2, "origin": [[0, 1, 0]]}, "622": {"parents": [611], "score": 3, "origin": [[0, 1, 0]]}, "623": {"parents": [609], "score": 2, "origin": [[0, 1, 0]]}, "624": {"parents": [597], "score": 3, "origin": [[0, 1, 0]]}, "625": {"parents": [609, 611], "score": -1, "origin": [[1, 1, 0]]}, "626": {"parents": [611, 609], "score": -2, "origin": [[1, 1, 0]]}, "627": {"parents": [609], "score": 3, "origin": [[0, 1, 0]]}, "628": {"parents": [611], "score": 6, "origin": [[0, 1, 0]]}, "629": {"parents": [611, 619], "score": 3, "origin": [[1, 1, 0]]}, "630": {"parents": [619, 611], "score": 2, "origin": [[1, 1, 0]]}, "631": {"parents": [611], "score": -3, "origin": [[0, 1, 0]]}, "632": {"parents": [619], "score": 0, "origin": [[0, 1, 0]]}, "633": {"parents": [622], "score": 0, "origin": [[0, 1, 0]]}, "634": {"parents": [615], "score": 6, "origin": [[0, 1, 0]]}, "635": {"parents": [625, 632], "score": 2, "origin": [[1, 1, 0]]}, "636": {"parents": [632, 625], "score": -2, "origin": [[1, 1, 0]]}, "637": {"parents": [625], "score": -3, "origin": [[0, 1, 0]]}, "638": {"parents": [632], "score": -4, "origin": [[0, 1, 0]]}, "639": {"parents": [632, 633], "score": 3, "origin": [[1, 1, 0]]}, "640": {"parents": [633, 632], "score": 0, "origin": [[1, 1, 0]]}, "641": {"parents": [632], "score": -3, "origin": [[0, 1, 0]]}, "642": {"parents": [633], "score": 2, "origin": [[0, 1, 0]]}, "643": {"parents": [634], "score": 2, "origin": [[0, 1, 0]]}, "644": {"parents": [609], "score": 4, "origin": [[0, 1, 0]]}, "645": {"parents": [625, 633], "score": 6, "origin": [[1, 1, 0]]}, "646": {"parents": [633, 625], "score": 4, "origin": [[1, 1, 0]]}, "647": {"parents": [625], "score": 6, "origin": [[0, 1, 0]]}, "648": {"parents": [633], "score": 6, "origin": [[0, 1, 0]]}, "649": {"parents": [633, 635], "score": -1, "origin": [[1, 1, 0]]}, "650": {"parents": [635, 633], "score": 4, "origin": [[1, 1, 0]]}, "651": {"parents": [633], "score": -7, "origin": [[0, 1, 0]]}, "652": {"parents": [635], "score": 0, "origin": [[0, 1, 0]]}, "653": {"parents": [636], "score": 2, "origin": [[0, 1, 0]]}, "654": {"parents": [637], "score": 6, "origin": [[0, 1, 0]]}, "655": {"parents": [635, 646], "score": 3, "origin": [[1, 1, 0]]}, "656": {"parents": [646, 635], "score": 4, "origin": [[1, 1, 0]]}, "657": {"parents": [635], "score": 3, "origin": [[0, 1, 0]]}, "658": {"parents": [646], "score": 2, "origin": [[0, 1, 0]]}, "659": {"parents": [646, 649], "score": 3, "origin": [[1, 1, 0]]}, "660": {"parents": [649, 646], "score": 3, "origin": [[1, 1, 0]]}, "661": {"parents": [646], "score": 2, "origin": [[0, 1, 0]]}, "662": {"parents": [649], "score": 2, "origin": [[0, 1, 0]]}, "663": {"parents": [645], "score": -1, "origin": [[0, 1, 0]]}, "664": {"parents": [651], "score": 3, "origin": [[0, 1, 0]]}, "665": {"parents": [661, 660], "score": 1, "origin": [[1, 1, 0]]}, "666": {"parents": [660, 661], "score": 2, "origin": [[1, 1, 0]]}, "667": {"parents": [661], "score": 2, "origin": [[0, 1, 0]]}, "668": {"parents": [660], "score": 5, "origin": [[0, 1, 0]]}, "669": {"parents": [660, 662], "score": -3, "origin": [[1, 1, 0]]}, "670": {"parents": [662, 660], "score": -4, "origin": [[1, 1, 0]]}, "671": {"parents": [660], "score": 2, "origin": [[0, 1, 0]]}, "672": {"parents": [662], "score": 3, "origin": [[0, 1, 0]]}, "673": {"parents": [649], "score": 5, "origin": [[0, 1, 0]]}, "674": {"parents": [657], "score": 5, "origin": [[0, 1, 0]]}, "675": {"parents": [669, 674], "score": 6, "origin": [[1, 1, 0]]}, "676": {"parents": [674, 669], "score": 3, "origin": [[1, 1, 0]]}, "677": {"parents": [669], "score": 2, "origin": [[0, 1, 0]]}, "678": {"parents": [674], "score": -2, "origin": [[0, 1, 0]]}, "679": {"parents": [674, 649], "score": 4, "origin": [[1, 1, 0]]}, "680": {"parents": [649, 674], "score": 5, "origin": [[1, 1, 0]]}, "681": {"parents": [674], "score": -1, "origin": [[0, 1, 0]]}, "682": {"parents": [649], "score": 0, "origin": [[0, 1, 0]]}, "683": {"parents": [667], "score": -3, "origin": [[0, 1, 0]]}, "684": {"parents": [672], "score": 0, "origin": [[0, 1, 0]]}, "685": {"parents": [649, 676], "score": -2, "origin": [[1, 1, 0]]}, "686": {"parents": [676, 649], "score": 3, "origin": [[1, 1, 0]]}, "687": {"parents": [649], "score": 3, "origin": [[0, 1, 0]]}, "688": {"parents": [676], "score": -1, "origin": [[0, 1, 0]]}, "689": {"parents": [676, 678], "score": 2, "origin": [[1, 1, 0]]}, "690": {"parents": [678, 676], "score": -2, "origin": [[1, 1, 0]]}, "691": {"parents": [676], "score": 2, "origin": [[0, 1, 0]]}, "692": {"parents": [678], "score": 1, "origin": [[0, 1, 0]]}, "693": {"parents": [684], "score": 0, "origin": [[0, 1, 0]]}, "694": {"parents": [672], "score": 4, "origin": [[0, 1, 0]]}, "695": {"parents": [693, 685], "score": -1, "origin": [[1, 1, 0]]}, "696": {"parents": [685, 693], "score": 4, "origin": [[1, 1, 0]]}, "697": {"parents": [693], "score": -1, "origin": [[0, 1, 0]]}, "698": {"parents": [685], "score": 3, "origin": [[0, 1, 0]]}, "699": {"parents": [685, 676], "score": 3, "origin": [[1, 1, 0]]}, "700": {"parents": [676, 685], "score": 3, "origin": [[1, 1, 0]]}, "701": {"parents": [685], "score": 5, "origin": [[0, 1, 0]]}, "702": {"parents": [676], "score": 2, "origin": [[0, 1, 0]]}, "703": {"parents": [678], "score": 1, "origin": [[0, 1, 0]]}, "704": {"parents": [689], "score": 2, "origin": [[0, 1, 0]]}, "705": {"parents": [678, 689], "score": 0, "origin": [[1, 1, 0]]}, "706": {"parents": [689, 678], "score": 5, "origin": [[1, 1, 0]]}, "707": {"parents": [678], "score": 3, "origin": [[0, 1, 0]]}, "708": {"parents": [689], "score": 5, "origin": [[0, 1, 0]]}, "709": {"parents": [689, 695], "score": 5, "origin": [[1, 1, 0]]}, "710": {"parents": [695, 689], "score": 2, "origin": [[1, 1, 0]]}, "711": {"parents": [689], "score": 3, "origin": [[0, 1, 0]]}, "712": {"parents": [695], "score": -2, "origin": [[0, 1, 0]]}, "713": {"parents": [696], "score": 0, "origin": [[0, 1, 0]]}, "714": {"parents": [698], "score": -1, "origin": [[0, 1, 0]]}, "715": {"parents": [696, 695], "score": 3, "origin": [[1, 1, 0]]}, "716": {"parents": [695, 696], "score": 3, "origin": [[1, 1, 0]]}, "717": {"parents": [696], "score": 5, "origin": [[0, 1, 0]]}, "718": {"parents": [695], "score": 3, "origin": [[0, 1, 0]]}, "719": {"parents": [695, 705], "score": 0, "origin": [[1, 1, 0]]}, "720": {"parents": [705, 695], "score": 1, "origin": [[1, 1, 0]]}, "721": {"parents": [695], "score": 2, "origin": [[0, 1, 0]]}, "722": {"parents": [705], "score": 3, "origin": [[0, 1, 0]]}, "723": {"parents": [710], "score": -2, "origin": [[0, 1, 0]]}, "724": {"parents": [713], "score": 4, "origin": [[0, 1, 0]]}, "725": {"parents": [717, 720], "score": 5, "origin": [[1, 1, 0]]}, "726": {"parents": [720, 717], "score": 3, "origin": [[1, 1, 0]]}, "727": {"parents": [717], "score": 4, "origin": [[0, 1, 0]]}, "728": {"parents": [720], "score": -3, "origin": [[0, 1, 0]]}, "729": {"parents": [720, 695], "score": 0, "origin": [[1, 1, 0]]}, "730": {"parents": [695, 720], "score": 2, "origin": [[1, 1, 0]]}, "731": {"parents": [720], "score": 2, "origin": [[0, 1, 0]]}, "732": {"parents": [695], "score": -1, "origin": [[0, 1, 0]]}, "733": {"parents": [715], "score": 2, "origin": [[0, 1, 0]]}, "734": {"parents": [724], "score": 1, "origin": [[0, 1, 0]]}, "735": {"parents": [725, 724], "score": 6, "origin": [[1, 1, 0]]}, "736": {"parents": [724, 725], "score": 1, "origin": [[1, 1, 0]]}, "737": {"parents": [725], "score": 1, "origin": [[0, 1, 0]]}, "738": {"parents": [724], "score": 2, "origin": [[0, 1, 0]]}, "739": {"parents": [724, 728], "score": 2, "origin": [[1, 1, 0]]}, "740": {"parents": [728, 724], "score": 1, "origin": [[1, 1, 0]]}, "741": {"parents": [724], "score": 7, "origin": [[0, 1, 0]]}, "742": {"parents": [728], "score": 4, "origin": [[0, 1, 0]]}, "743": {"parents": [715], "score": 0, "origin": [[0, 1, 0]]}, "744": {"parents": [732], "score": -4, "origin": [[0, 1, 0]]}, "745": {"parents": [732, 738], "score": 4, "origin": [[1, 1, 0]]}, "746": {"parents": [738, 732], "score": 1, "origin": [[1, 1, 0]]}, "747": {"parents": [732], "score": 0, "origin": [[0, 1, 0]]}, "748": {"parents": [738], "score": 2, "origin": [[0, 1, 0]]}, "749": {"parents": [738, 724], "score": -2, "origin": [[1, 1, 0]]}, "750": {"parents": [724, 738], "score": -6, "origin": [[1, 1, 0]]}, "751": {"parents": [738], "score": 3, "origin": [[0, 1, 0]]}, "752": {"parents": [724], "score": 8, "origin": [[0, 1, 0]]}, "753": {"parents": [741], "score": -5, "origin": [[0, 1, 0]]}, "754": {"parents": [743], "score": -1, "origin": [[0, 1, 0]]}, "755": {"parents": [745, 749], "score": 3, "origin": [[1, 1, 0]]}, "756": {"parents": [749, 745], "score": 6, "origin": [[1, 1, 0]]}, "757": {"parents": [745], "score": 4, "origin": [[0, 1, 0]]}, "758": {"parents": [749], "score": -2, "origin": [[0, 1, 0]]}, "759": {"parents": [749, 732], "score": 4, "origin": [[1, 1, 0]]}, "760": {"parents": [732, 749], "score": 5, "origin": [[1, 1, 0]]}, "761": {"parents": [749], "score": -1, "origin": [[0, 1, 0]]}, "762": {"parents": [732], "score": 5, "origin": [[0, 1, 0]]}, "763": {"parents": [724], "score": 4, "origin": [[0, 1, 0]]}, "764": {"parents": [754], "score": 5, "origin": [[0, 1, 0]]}, "765": {"parents": [758, 755], "score": 0, "origin": [[1, 1, 0]]}, "766": {"parents": [755, 758], "score": 5, "origin": [[1, 1, 0]]}, "767": {"parents": [758], "score": 2, "origin": [[0, 1, 0]]}, "768": {"parents": [755], "score": 0, "origin": [[0, 1, 0]]}, "769": {"parents": [755, 761], "score": -3, "origin": [[1, 1, 0]]}, "770": {"parents": [761, 755], "score": 3, "origin": [[1, 1, 0]]}, "771": {"parents": [755], "score": 0, "origin": [[0, 1, 0]]}, "772": {"parents": [761], "score": 0, "origin": [[0, 1, 0]]}, "773": {"parents": [756], "score": -5, "origin": [[0, 1, 0]]}, "774": {"parents": [760], "score": -2, "origin": [[0, 1, 0]]}, "775": {"parents": [773, 774], "score": 4, "origin": [[1, 1, 0]]}, "776": {"parents": [774, 773], "score": 0, "origin": [[1, 1, 0]]}, "777": {"parents": [773], "score": 4, "origin": [[0, 1, 0]]}, "778": {"parents": [774], "score": 3, "origin": [[0, 1, 0]]}, "779": {"parents": [774, 768], "score": 8, "origin": [[1, 1, 0]]}, "780": {"parents": [768, 774], "score": -2, "origin": [[1, 1, 0]]}, "781": {"parents": [774], "score": 1, "origin": [[0, 1, 0]]}, "782": {"parents": [768], "score": 3, "origin": [[0, 1, 0]]}, "783": {"parents": [761], "score": -5, "origin": [[0, 1, 0]]}, "784": {"parents": [756], "score": 2, "origin": [[0, 1, 0]]}, "785": {"parents": [777, 776], "score": 3, "origin": [[1, 1, 0]]}, "786": {"parents": [776, 777], "score": 5, "origin": [[1, 1, 0]]}, "787": {"parents": [777], "score": -1, "origin": [[0, 1, 0]]}, "788": {"parents": [776], "score": 0, "origin": [[0, 1, 0]]}, "789": {"parents": [776, 773], "score": 2, "origin": [[1, 1, 0]]}, "790": {"parents": [773, 776], "score": 3, "origin": [[1, 1, 0]]}, "791": {"parents": [776], "score": 2, "origin": [[0, 1, 0]]}, "792": {"parents": [773], "score": 2, "origin": [[0, 1, 0]]}, "793": {"parents": [761], "score": 2, "origin": [[0, 1, 0]]}, "794": {"parents": [778], "score": 6, "origin": [[0, 1, 0]]}, "795": {"parents": [789, 791], "score": -4, "origin": [[1, 1, 0]]}, "796": {"parents": [791, 789], "score": 3, "origin": [[1, 1, 0]]}, "797": {"parents": [789], "score": 1, "origin": [[0, 1, 0]]}, "798": {"parents": [791], "score": -1, "origin": [[0, 1, 0]]}, "799": {"parents": [791, 773], "score": -1, "origin": [[1, 1, 0]]}, "800": {"parents": [773, 791], "score": 2, "origin": [[1, 1, 0]]}, "801": {"parents": [791], "score": -4, "origin": [[0, 1, 0]]}, "802": {"parents": [773], "score": 6, "origin": [[0, 1, 0]]}, "803": {"parents": [792], "score": 0, "origin": [[0, 1, 0]]}, "804": {"parents": [785], "score": 3, "origin": [[0, 1, 0]]}, "805": {"parents": [773, 795], "score": -1, "origin": [[1, 1, 0]]}, "806": {"parents": [795, 773], "score": 0, "origin": [[1, 1, 0]]}, "807": {"parents": [773], "score": -1, "origin": [[0, 1, 0]]}, "808": {"parents": [795], "score": -1, "origin": [[0, 1, 0]]}, "809": {"parents": [795, 791], "score": 3, "origin": [[1, 1, 0]]}, "810": {"parents": [791, 795], "score": 5, "origin": [[1, 1, 0]]}, "811": {"parents": [795], "score": 4, "origin": [[0, 1, 0]]}, "812": {"parents": [791], "score": 4, "origin": [[0, 1, 0]]}, "813": {"parents": [796], "score": 4, "origin": [[0, 1, 0]]}, "814": {"parents": [800], "score": 2, "origin": [[0, 1, 0]]}, "815": {"parents": [773, 807], "score": 6, "origin": [[1, 1, 0]]}, "816": {"parents": [807, 773], "score": 5, "origin": [[1, 1, 0]]}, "817": {"parents": [773], "score": 6, "origin": [[0, 1, 0]]}, "818": {"parents": [807], "score": 4, "origin": [[0, 1, 0]]}, "819": {"parents": [807, 809], "score": 0, "origin": [[1, 1, 0]]}, "820": {"parents": [809, 807], "score": 0, "origin": [[1, 1, 0]]}, "821": {"parents": [807], "score": 3, "origin": [[0, 1, 0]]}, "822": {"parents": [809], "score": 4, "origin": [[0, 1, 0]]}, "823": {"parents": [805], "score": 2, "origin": [[0, 1, 0]]}, "824": {"parents": [800], "score": 2, "origin": [[0, 1, 0]]}, "825": {"parents": [800, 805], "score": 0, "origin": [[1, 1, 0]]}, "826": {"parents": [805, 800], "score": 3, "origin": [[1, 1, 0]]}, "827": {"parents": [800], "score": 1, "origin": [[0, 1, 0]]}, "828": {"parents": [805], "score": 1, "origin": [[0, 1, 0]]}, "829": {"parents": [805, 819], "score": -2, "origin": [[1, 1, 0]]}, "830": {"parents": [819, 805], "score": -1, "origin": [[1, 1, 0]]}, "831": {"parents": [805], "score": 2, "origin": [[0, 1, 0]]}, "832": {"parents": [819], "score": 3, "origin": [[0, 1, 0]]}, "833": {"parents": [823], "score": 2, "origin": [[0, 1, 0]]}, "834": {"parents": [815], "score": 4, "origin": [[0, 1, 0]]}, "835": {"parents": [819, 826], "score": 3, "origin": [[1, 1, 0]]}, "836": {"parents": [826, 819], "score": 1, "origin": [[1, 1, 0]]}, "837": {"parents": [819], "score": -10, "origin": [[0, 1, 0]]}, "838": {"parents": [826], "score": 1, "origin": [[0, 1, 0]]}, "839": {"parents": [826, 823], "score": 0, "origin": [[1, 1, 0]]}, "840": {"parents": [823, 826], "score": -1, "origin": [[1, 1, 0]]}, "841": {"parents": [826], "score": 6, "origin": [[0, 1, 0]]}, "842": {"parents": [823], "score": 4, "origin": [[0, 1, 0]]}, "843": {"parents": [834], "score": 4, "origin": [[0, 1, 0]]}, "844": {"parents": [825], "score": 3, "origin": [[0, 1, 0]]}, "845": {"parents": [837, 841], "score": 4, "origin": [[1, 1, 0]]}, "846": {"parents": [841, 837], "score": -2, "origin": [[1, 1, 0]]}, "847": {"parents": [837], "score": 6, "origin": [[0, 1, 0]]}, "848": {"parents": [841], "score": 3, "origin": [[0, 1, 0]]}, "849": {"parents": [841, 834], "score": 4, "origin": [[1, 1, 0]]}, "850": {"parents": [834, 841], "score": 6, "origin": [[1, 1, 0]]}, "851": {"parents": [841], "score": -1, "origin": [[0, 1, 0]]}, "852": {"parents": [834], "score": 2, "origin": [[0, 1, 0]]}, "853": {"parents": [842], "score": 1, "origin": [[0, 1, 0]]}, "854": {"parents": [839], "score": 0, "origin": [[0, 1, 0]]}, "855": {"parents": [848, 837], "score": 6, "origin": [[1, 1, 0]]}, "856": {"parents": [837, 848], "score": 5, "origin": [[1, 1, 0]]}, "857": {"parents": [848], "score": 4, "origin": [[0, 1, 0]]}, "858": {"parents": [837], "score": 7, "origin": [[0, 1, 0]]}, "859": {"parents": [837, 834], "score": 0, "origin": [[1, 1, 0]]}, "860": {"parents": [834, 837], "score": -2, "origin": [[1, 1, 0]]}, "861": {"parents": [837], "score": -3, "origin": [[0, 1, 0]]}, "862": {"parents": [834], "score": 7, "origin": [[0, 1, 0]]}, "863": {"parents": [839], "score": -4, "origin": [[0, 1, 0]]}, "864": {"parents": [847], "score": 7, "origin": [[0, 1, 0]]}, "865": {"parents": [855, 860], "score": 6, "origin": [[1, 1, 0]]}, "866": {"parents": [860, 855], "score": 5, "origin": [[1, 1, 0]]}, "867": {"parents": [855], "score": 4, "origin": [[0, 1, 0]]}, "868": {"parents": [860], "score": 1, "origin": [[0, 1, 0]]}, "869": {"parents": [860, 859], "score": 0, "origin": [[1, 1, 0]]}, "870": {"parents": [859, 860], "score": 4, "origin": [[1, 1, 0]]}, "871": {"parents": [860], "score": -1, "origin": [[0, 1, 0]]}, "872": {"parents": [859], "score": -4, "origin": [[0, 1, 0]]}, "873": {"parents": [839], "score": -2, "origin": [[0, 1, 0]]}, "874": {"parents": [856], "score": 4, "origin": [[0, 1, 0]]}, "875": {"parents": [871, 872], "score": 5, "origin": [[1, 1, 0]]}, "876": {"parents": [872, 871], "score": 5, "origin": [[1, 1, 0]]}, "877": {"parents": [871], "score": -4, "origin": [[0, 1, 0]]}, "878": {"parents": [872], "score": 2, "origin": [[0, 1, 0]]}, "879": {"parents": [872, 866], "score": 0, "origin": [[1, 1, 0]]}, "880": {"parents": [866, 872], "score": 2, "origin": [[1, 1, 0]]}, "881": {"parents": [872], "score": 7, "origin": [[0, 1, 0]]}, "882": {"parents": [866], "score": 3, "origin": [[0, 1, 0]]}, "883": {"parents": [839], "score": -2, "origin": [[0, 1, 0]]}, "884": {"parents": [865], "score": -3, "origin": [[0, 1, 0]]}, "885": {"parents": [880, 876], "score": 2, "origin": [[1, 1, 0]]}, "886": {"parents": [876, 880], "score": -3, "origin": [[1, 1, 0]]}, "887": {"parents": [880], "score": -4, "origin": [[0, 1, 0]]}, "888": {"parents": [876], "score": 3, "origin": [[0, 1, 0]]}, "889": {"parents": [876, 879], "score": 4, "origin": [[1, 1, 0]]}, "890": {"parents": [879, 876], "score": 2, "origin": [[1, 1, 0]]}, "891": {"parents": [876], "score": 4, "origin": [[0, 1, 0]]}, "892": {"parents": [879], "score": -3, "origin": [[0, 1, 0]]}, "893": {"parents": [884], "score": 6, "origin": [[0, 1, 0]]}, "894": {"parents": [878], "score": 4, "origin": [[0, 1, 0]]}, "895": {"parents": [880, 888], "score": 4, "origin": [[1, 1, 0]]}, "896": {"parents": [888, 880], "score": 4, "origin": [[1, 1, 0]]}, "897": {"parents": [880], "score": 1, "origin": [[0, 1, 0]]}, "898": {"parents": [888], "score": 5, "origin": [[0, 1, 0]]}, "899": {"parents": [888, 889], "score": 1, "origin": [[1, 1, 0]]}, "900": {"parents": [889, 888], "score": 1, "origin": [[1, 1, 0]]}, "901": {"parents": [888], "score": 0, "origin": [[0, 1, 0]]}, "902": {"parents": [889], "score": 0, "origin": [[0, 1, 0]]}, "903": {"parents": [891], "score": 2, "origin": [[0, 1, 0]]}, "904": {"parents": [884], "score": 5, "origin": [[0, 1, 0]]}, "905": {"parents": [880, 889], "score": -3, "origin": [[1, 1, 0]]}, "906": {"parents": [889, 880], "score": 1, "origin": [[1, 1, 0]]}, "907": {"parents": [880], "score": 2, "origin": [[0, 1, 0]]}, "908": {"parents": [889], "score": 2, "origin": [[0, 1, 0]]}, "909": {"parents": [889, 900], "score": 4, "origin": [[1, 1, 0]]}, "910": {"parents": [900, 889], "score": 2, "origin": [[1, 1, 0]]}, "911": {"parents": [889], "score": 3, "origin": [[0, 1, 0]]}, "912": {"parents": [900], "score": 0, "origin": [[0, 1, 0]]}, "913": {"parents": [904], "score": 4, "origin": [[0, 1, 0]]}, "914": {"parents": [903], "score": 3, "origin": [[0, 1, 0]]}, "915": {"parents": [911, 910], "score": -1, "origin": [[1, 1, 0]]}, "916": {"parents": [910, 911], "score": 2, "origin": [[1, 1, 0]]}, "917": {"parents": [911], "score": 0, "origin": [[0, 1, 0]]}, "918": {"parents": [910], "score": 5, "origin": [[0, 1, 0]]}, "919": {"parents": [910, 900], "score": 4, "origin": [[1, 1, 0]]}, "920": {"parents": [900, 910], "score": -2, "origin": [[1, 1, 0]]}, "921": {"parents": [910], "score": 2, "origin": [[0, 1, 0]]}, "922": {"parents": [900], "score": 1, "origin": [[0, 1, 0]]}, "923": {"parents": [914], "score": 3, "origin": [[0, 1, 0]]}, "924": {"parents": [889], "score": 3, "origin": [[0, 1, 0]]}, "925": {"parents": [911, 923], "score": -6, "origin": [[1, 1, 0]]}, "926": {"parents": [923, 911], "score": 0, "origin": [[1, 1, 0]]}, "927": {"parents": [911], "score": -7, "origin": [[0, 1, 0]]}, "928": {"parents": [923], "score": 3, "origin": [[0, 1, 0]]}, "929": {"parents": [923, 910], "score": 6, "origin": [[1, 1, 0]]}, "930": {"parents": [910, 923], "score": -3, "origin": [[1, 1, 0]]}, "931": {"parents": [923], "score": 6, "origin": [[0, 1, 0]]}, "932": {"parents": [910], "score": 4, "origin": [[0, 1, 0]]}, "933": {"parents": [917], "score": 8, "origin": [[0, 1, 0]]}, "934": {"parents": [915], "score": -4, "origin": [[0, 1, 0]]}, "935": {"parents": [915, 910], "score": 5, "origin": [[1, 1, 0]]}, "936": {"parents": [910, 915], "score": 4, "origin": [[1, 1, 0]]}, "937": {"parents": [915], "score": 4, "origin": [[0, 1, 0]]}, "938": {"parents": [910], "score": 1, "origin": [[0, 1, 0]]}, "939": {"parents": [910, 930], "score": -2, "origin": [[1, 1, 0]]}, "940": {"parents": [930, 910], "score": 1, "origin": [[1, 1, 0]]}, "941": {"parents": [910], "score": -3, "origin": [[0, 1, 0]]}, "942": {"parents": [930], "score": 3, "origin": [[0, 1, 0]]}, "943": {"parents": [911], "score": 2, "origin": [[0, 1, 0]]}, "944": {"parents": [923], "score": 4, "origin": [[0, 1, 0]]}, "945": {"parents": [936, 935], "score": 2, "origin": [[1, 1, 0]]}, "946": {"parents": [935, 936], "score": 3, "origin": [[1, 1, 0]]}, "947": {"parents": [936], "score": 1, "origin": [[0, 1, 0]]}, "948": {"parents": [935], "score": 2, "origin": [[0, 1, 0]]}, "949": {"parents": [935, 939], "score": -4, "origin": [[1, 1, 0]]}, "950": {"parents": [939, 935], "score": -1, "origin": [[1, 1, 0]]}, "951": {"parents": [935], "score": 2, "origin": [[0, 1, 0]]}, "952": {"parents": [939], "score": 4, "origin": [[0, 1, 0]]}, "953": {"parents": [910], "score": 7, "origin": [[0, 1, 0]]}, "954": {"parents": [941], "score": 4, "origin": [[0, 1, 0]]}, "955": {"parents": [935, 954], "score": 3, "origin": [[1, 1, 0]]}, "956": {"parents": [954, 935], "score": 4, "origin": [[1, 1, 0]]}, "957": {"parents": [935], "score": 5, "origin": [[0, 1, 0]]}, "958": {"parents": [954], "score": 0, "origin": [[0, 1, 0]]}, "959": {"parents": [954, 948], "score": -5, "origin": [[1, 1, 0]]}, "960": {"parents": [948, 954], "score": 2, "origin": [[1, 1, 0]]}, "961": {"parents": [954], "score": -3, "origin": [[0, 1, 0]]}, "962": {"parents": [948], "score": 1, "origin": [[0, 1, 0]]}, "963": {"parents": [951], "score": 5, "origin": [[0, 1, 0]]}, "964": {"parents": [936], "score": 0, "origin": [[0, 1, 0]]}, "965": {"parents": [956, 948], "score": 2, "origin": [[1, 1, 0]]}, "966": {"parents": [948, 956], "score": 4, "origin": [[1, 1, 0]]}, "967": {"parents": [956], "score": 5, "origin": [[0, 1, 0]]}, "968": {"parents": [948], "score": 4, "origin": [[0, 1, 0]]}, "969": {"parents": [948, 962], "score": -2, "origin": [[1, 1, 0]]}, "970": {"parents": [962, 948], "score": 2, "origin": [[1, 1, 0]]}, "971": {"parents": [948], "score": 1, "origin": [[0, 1, 0]]}, "972": {"parents": [962], "score": 1, "origin": [[0, 1, 0]]}, "973": {"parents": [963], "score": 1, "origin": [[0, 1, 0]]}, "974": {"parents": [959], "score": 5, "origin": [[0, 1, 0]]}, "975": {"parents": [959, 970], "score": 1, "origin": [[1, 1, 0]]}, "976": {"parents": [970, 959], "score": 3, "origin": [[1, 1, 0]]}, "977": {"parents": [959], "score": 4, "origin": [[0, 1, 0]]}, "978": {"parents": [970], "score": 0, "origin": [[0, 1, 0]]}, "979": {"parents": [970, 974], "score": 1, "origin": [[1, 1, 0]]}, "980": {"parents": [974, 970], "score": -3, "origin": [[1, 1, 0]]}, "981": {"parents": [970], "score": -3, "origin": [[0, 1, 0]]}, "982": {"parents": [974], "score": 2, "origin": [[0, 1, 0]]}, "983": {"parents": [967], "score": 4, "origin": [[0, 1, 0]]}, "984": {"parents": [971], "score": 2, "origin": [[0, 1, 0]]}, "985": {"parents": [974, 977], "score": -1, "origin": [[1, 1, 0]]}, "986": {"parents": [977, 974], "score": 1, "origin": [[1, 1, 0]]}, "987": {"parents": [974], "score": 5, "origin": [[0, 1, 0]]}, "988": {"parents": [977], "score": 5, "origin": [[0, 1, 0]]}, "989": {"parents": [977, 959], "score": 2, "origin": [[1, 1, 0]]}, "990": {"parents": [959, 977], "score": 1, "origin": [[1, 1, 0]]}, "991": {"parents": [977], "score": 3, "origin": [[0, 1, 0]]}, "992": {"parents": [959], "score": 3, "origin": [[0, 1, 0]]}, "993": {"parents": [970], "score": 3, "origin": [[0, 1, 0]]}, "994": {"parents": [981], "score": 0, "origin": [[0, 1, 0]]}, "995": {"parents": [959, 991], "score": -2, "origin": [[1, 1, 0]]}, "996": {"parents": [991, 959], "score": 7, "origin": [[1, 1, 0]]}, "997": {"parents": [959], "score": 7, "origin": [[0, 1, 0]]}, "998": {"parents": [991], "score": 10, "origin": [[0, 1, 0]]}, "999": {"parents": [991, 993], "score": 5, "origin": [[1, 1, 0]]}, "1000": {"parents": [993, 991], "score": 6, "origin": [[1, 1, 0]]}, "1001": {"parents": [991], "score": 2, "origin": [[0, 1, 0]]}, "1002": {"parents": [993], "score": 5, "origin": [[0, 1, 0]]}, "1003": {"parents": [990], "score": 7, "origin": [[0, 1, 0]]}, "1004": {"parents": [974], "score": 7, "origin": [[0, 1, 0]]}}